City_ID,City,Lat,Lng,Max Temp,Humidity,Cloudiness,Windspeed,Country,Date
0,caxito,-8.5785,13.6643,73.81,99,87,2.57,AO,1650681029
1,manggar,-2.8833,108.2667,86.92,66,47,7.72,ID,1650681029
2,mahebourg,-20.4081,57.7,75.49,64,40,11.5,MU,1650681030
3,fortuna,40.5982,-124.1573,55.65,82,0,11.5,US,1650681030
4,thompson,55.7435,-97.8558,33.96,60,40,0.0,CA,1650681030
5,atuona,-9.8,-139.0333,79.05,73,29,14.38,PF,1650681031
6,ilulissat,69.2167,-51.1,24.82,80,75,0.0,GL,1650681031
7,nemuro,43.3236,145.575,46.47,75,99,23.0,JP,1650681031
8,kulhudhuffushi,6.6221,73.07,83.79,70,100,4.29,MV,1650681032
9,abapo,-18.8333,-63.4667,66.24,84,0,2.73,BO,1650681032
10,bethel,41.3712,-73.414,55.65,51,0,0.0,US,1650681033
11,cape town,-33.9258,18.4232,57.61,72,20,19.57,ZA,1650680795
12,caravelas,-17.7125,-39.2481,74.46,82,71,5.68,BR,1650681033
13,hobyo,5.3505,48.5268,82.92,75,80,9.6,SO,1650681034
14,new norfolk,-42.7826,147.0587,62.92,40,5,3.94,AU,1650681034
15,puerto colombia,10.9878,-74.9547,77.09,78,47,5.3,CO,1650681034
16,punta arenas,-53.15,-70.9167,44.71,81,40,8.05,CL,1650681029
17,jamestown,42.097,-79.2353,50.52,62,100,6.91,US,1650680901
18,sao gabriel da cachoeira,-0.1303,-67.0892,73.13,98,95,0.47,BR,1650681035
19,mataura,-46.1927,168.8643,58.48,61,61,8.63,NZ,1650681035
20,dongsheng,39.8161,109.9776,68.95,12,0,22.48,CN,1650681036
21,saskylakh,71.9167,114.0833,5.94,93,96,4.36,RU,1650681036
22,rikitea,-23.1203,-134.9692,73.33,83,100,4.5,PF,1650681037
23,chokurdakh,70.6333,147.9167,17.37,90,100,5.91,RU,1650681037
24,dedza,-14.3779,34.3332,55.04,95,15,3.42,MW,1650681037
25,korsor,55.3299,11.1386,44.98,62,0,15.35,DK,1650681038
26,busselton,-33.65,115.3333,70.83,42,0,12.8,AU,1650681038
27,vryheid,-27.7695,30.7917,57.99,99,100,2.48,ZA,1650681039
28,lewiston,44.1003,-70.2148,48.38,54,0,14.97,US,1650680862
29,salmas,38.1973,44.7653,51.98,44,6,2.64,IR,1650681039
30,dikson,73.5069,80.5464,2.61,98,98,5.41,RU,1650681040
31,hobart,-42.8794,147.3294,63.27,54,20,11.5,AU,1650680948
32,kavieng,-2.5744,150.7967,83.79,74,41,9.08,PG,1650681040
33,port-gentil,-0.7193,8.7815,80.91,81,95,7.9,GA,1650681040
34,bluff,-46.6,168.3333,58.8,80,68,29.59,NZ,1650681041
35,ushuaia,-54.8,-68.3,42.46,75,40,3.44,AR,1650681033
36,albany,42.6001,-73.9662,48.85,66,12,4.68,US,1650681018
37,kapaa,22.0752,-159.319,82.38,82,100,16.11,US,1650680883
38,nikolskoye,59.7035,30.7861,40.8,80,83,3.69,RU,1650681041
39,butaritari,3.0707,172.7902,82.6,74,12,18.48,KI,1650681042
40,vaini,-21.2,-175.2,82.56,69,20,4.61,TO,1650681042
41,kaitangata,-46.2817,169.8464,60.03,57,69,10.67,NZ,1650681043
42,goundi,9.3627,17.366,80.1,62,82,3.91,TD,1650681043
43,torbay,47.6666,-52.7314,38.17,72,100,11.5,CA,1650681043
44,bilma,18.6853,12.9164,84.6,15,1,3.2,NE,1650681044
45,sisimiut,66.9395,-53.6735,26.33,91,100,4.5,GL,1650681044
46,georgetown,5.4112,100.3354,80.55,79,40,7.0,MY,1650681045
47,hilo,19.7297,-155.09,81.28,77,75,8.05,US,1650681045
48,arona,28.0996,-16.681,57.72,65,40,3.44,ES,1650681046
49,kiama,-34.6833,150.8667,67.48,72,98,2.57,AU,1650681046
50,sayyan,15.1718,44.3244,57.42,43,7,1.45,YE,1650681046
51,kruisfontein,-34.0033,24.7314,56.88,81,100,2.17,ZA,1650681047
52,lavrentiya,65.5833,-171.0,31.26,84,5,3.62,RU,1650681047
53,aswan,24.0934,32.907,72.12,18,0,9.93,EG,1650681047
54,lebu,-37.6167,-73.65,55.58,90,100,15.99,CL,1650681048
55,souillac,-20.5167,57.5167,75.58,64,40,11.5,MU,1650681048
56,bela,25.9333,81.9833,96.6,16,0,6.8,IN,1650681049
57,motygino,58.1831,94.7592,23.36,75,100,11.92,RU,1650681049
58,jaguarari,-10.2639,-40.1958,66.78,96,6,6.29,BR,1650681050
59,chemal,51.4111,86.005,35.62,72,94,3.69,RU,1650681050
60,launceston,-41.45,147.1667,65.61,55,0,5.01,AU,1650681050
61,ilhabela,-23.7781,-45.3581,72.66,82,0,5.57,BR,1650681045
62,bambous virieux,-20.3428,57.7575,75.45,64,40,11.5,MU,1650681051
63,aklavik,68.2191,-135.0107,24.82,87,69,17.36,CA,1650681051
64,vanimo,-2.6741,141.3028,79.29,86,100,4.92,PG,1650681052
65,ponta delgada,37.7333,-25.6667,57.92,67,75,2.3,PT,1650681052
66,hermanus,-34.4187,19.2345,49.8,72,0,9.82,ZA,1650681052
67,ponta do sol,32.6667,-17.1,62.71,71,71,11.01,PT,1650681053
68,bathsheba,13.2167,-59.5167,79.41,73,40,13.8,BB,1650681053
69,severo-kurilsk,50.6789,156.125,37.98,99,100,10.11,RU,1650681054
70,muzhi,65.3667,64.6667,8.47,90,100,4.03,RU,1650681054
71,general roca,-39.0333,-67.5833,60.62,47,99,29.21,AR,1650681054
72,plastunovskaya,45.2939,39.2669,38.86,80,3,5.64,RU,1650681055
73,bandarbeyla,9.4942,50.8122,81.86,78,17,6.4,SO,1650681055
74,cidreira,-30.1811,-50.2056,65.91,92,100,9.33,BR,1650681056
75,cockburn town,21.4612,-71.1419,78.22,67,37,19.66,TC,1650681056
76,murchison,-41.8,172.3333,57.7,70,94,3.8,NZ,1650681056
77,vila velha,-20.3297,-40.2925,76.95,79,0,3.44,BR,1650680780
78,poum,-20.2333,164.0167,78.21,69,64,8.88,NC,1650681057
79,faanui,-16.4833,-151.75,79.38,75,62,4.63,PF,1650681057
80,ola,59.5833,151.2833,30.74,71,26,2.33,RU,1650681058
81,port elizabeth,-33.918,25.5701,59.31,99,100,5.75,ZA,1650681028
82,eyl,7.9803,49.8164,81.37,77,40,4.94,SO,1650681058
83,skagen,57.7209,10.5839,47.61,78,3,17.85,DK,1650681058
84,kedrovyy,56.1667,91.8167,21.87,64,100,12.33,RU,1650681059
85,puerto ayora,-0.7393,-90.3518,72.18,93,12,5.97,EC,1650681059
86,sao sebastiao,-23.76,-45.4097,71.98,82,0,5.68,BR,1650681059
87,kodiak,57.79,-152.4072,42.31,81,100,13.8,US,1650681060
88,nishihara,26.1842,127.7558,80.26,89,100,18.41,JP,1650681060
89,birstonas,54.6167,24.0333,46.53,93,100,5.7,LT,1650681061
90,narsaq,60.9167,-46.05,41.22,98,100,3.36,GL,1650681061
91,ribeira grande,38.5167,-28.7,58.12,72,97,15.37,PT,1650681061
92,hithadhoo,-0.6,73.0833,84.16,74,100,10.4,MV,1650681062
93,karacabey,40.2152,28.4038,57.58,66,100,4.41,TR,1650680942
94,luwuk,-0.9516,122.7875,85.06,76,86,1.59,ID,1650681062
95,puerto escondido,15.85,-97.0667,83.23,74,75,5.75,MX,1650681063
96,vila,42.0304,-8.1588,36.48,93,100,3.33,PT,1650681063
97,bahia honda,22.9036,-83.1592,75.24,81,53,16.04,CU,1650681063
98,viedma,-40.8135,-62.9967,52.25,51,80,16.96,AR,1650681064
99,codrington,-38.2667,141.9667,62.74,55,27,13.71,AU,1650681064
100,naze,28.3667,129.4833,72.52,80,100,14.25,JP,1650681064
101,meulaboh,4.1363,96.1285,83.14,80,97,1.21,ID,1650681065
102,half moon bay,37.4636,-122.4286,59.32,77,40,23.02,US,1650681016
103,margate,51.3813,1.3862,53.31,80,97,4.0,GB,1650681050
104,kannur,11.8675,75.3576,82.81,80,100,3.47,IN,1650681065
105,kristiinankaupunki,62.2743,21.376,36.86,87,7,11.77,FI,1650681066
106,ozu,33.5,132.55,69.19,66,97,4.29,JP,1650681066
107,kiunga,-6.1219,141.2906,84.49,76,98,2.51,PG,1650681066
108,qaqortoq,60.7167,-46.0333,34.36,98,100,2.8,GL,1650680952
109,mercedes,-34.6515,-59.4307,49.03,64,0,6.85,AR,1650680840
110,aranos,-24.1333,19.1167,61.23,56,2,10.22,NA,1650681067
111,east london,-33.0153,27.9116,62.85,85,100,6.71,ZA,1650681067
112,anloga,5.7947,0.8973,81.07,80,57,10.0,GH,1650681068
113,dong hoi,17.4833,106.6,86.41,66,18,5.41,VN,1650681068
114,rawson,-43.3002,-65.1023,56.16,55,100,21.52,AR,1650681068
115,novikovo,51.1537,37.8879,43.54,85,81,1.32,RU,1650681069
116,barrow,71.2906,-156.7887,15.82,86,100,8.05,US,1650680972
117,mapiripan,2.8892,-72.1256,73.81,90,98,3.11,CO,1650681069
118,poronaysk,49.2167,143.1167,35.01,99,100,15.3,RU,1650681070
119,olbia,40.9214,9.4856,50.05,87,0,3.44,IT,1650681070
120,qaanaaq,77.484,-69.3632,1.31,94,100,2.13,GL,1650681070
121,mulki,13.1,74.8,78.08,83,75,4.61,IN,1650681071
122,iqaluit,63.7506,-68.5145,4.73,78,0,11.5,CA,1650681071
123,sandwick,60.0,-1.25,44.42,87,100,26.46,GB,1650681072
124,katsuura,35.1333,140.3,70.63,65,99,18.61,JP,1650681072
125,pevek,69.7008,170.3133,16.47,90,96,4.59,RU,1650681072
126,geraldton,-28.7667,114.6,77.41,33,0,23.02,AU,1650681073
127,cabo san lucas,22.8909,-109.9124,80.91,52,0,8.05,MX,1650680959
128,san patricio,28.017,-97.5169,75.83,86,18,17.38,US,1650681073
129,portland,45.5234,-122.6762,59.04,72,75,5.75,US,1650681017
130,dudinka,69.4058,86.1778,6.22,93,69,5.06,RU,1650681074
131,guerrero negro,27.9769,-114.0611,60.19,80,0,21.07,MX,1650681061
132,onega,63.9061,38.1404,31.24,91,100,8.77,RU,1650681074
133,longyearbyen,78.2186,15.6401,17.44,79,40,3.44,SJ,1650681075
134,airai,-8.9266,125.4092,74.17,47,66,4.07,TL,1650680864
135,alcaniz,41.05,-0.1333,52.81,74,100,3.71,ES,1650681075
136,sotnikovo,51.8845,107.4791,42.89,52,100,4.47,RU,1650681075
137,aykhal,66.0,111.5,15.08,82,100,7.99,RU,1650681076
138,jiexiu,37.0244,111.9125,75.58,20,0,11.79,CN,1650681076
139,price,39.5994,-110.8107,41.11,93,75,3.44,US,1650680929
140,hongjiang,27.11,109.9956,78.85,77,85,1.54,CN,1650681077
141,miri,4.4148,114.0089,87.94,74,20,3.44,MY,1650681077
142,vaitape,-16.5167,-151.75,79.38,75,66,4.76,PF,1650681077
143,tuktoyaktuk,69.4541,-133.0374,23.0,63,20,17.27,CA,1650681078
144,barranca,-10.75,-77.7667,66.42,88,98,5.75,PE,1650681078
145,saint-louis,16.3333,-15.0,83.62,18,32,16.46,SN,1650681079
146,kyritz,52.9421,12.397,39.09,91,0,7.27,DE,1650681079
147,henties bay,-22.116,14.2845,60.85,89,0,5.88,NA,1650681079
148,yerbogachen,61.2767,108.0108,28.22,59,34,6.64,RU,1650681080
149,tilichiki,60.4667,166.1,27.91,85,97,2.71,RU,1650681080
150,port alfred,-33.5906,26.891,58.17,96,100,1.01,ZA,1650681080
151,tasiilaq,65.6145,-37.6368,30.36,93,100,3.38,GL,1650681081
152,aguilas,37.4063,-1.5829,59.86,75,19,21.68,ES,1650681081
153,calabozo,8.9242,-67.4293,84.51,54,97,3.65,VE,1650681081
154,pangnirtung,66.1451,-65.7125,0.75,85,22,6.89,CA,1650681082
155,dargaville,-35.9333,173.8833,64.53,61,48,10.69,NZ,1650681082
156,pathein,16.7833,94.7333,93.09,41,4,10.49,MM,1650681083
157,avarua,-21.2078,-159.775,78.85,78,20,18.41,CK,1650681083
158,smirnykh,49.75,142.8333,34.99,97,100,12.68,RU,1650681083
159,birjand,32.8663,59.2211,66.67,26,75,0.0,IR,1650681084
160,hambantota,6.1241,81.1185,80.94,83,20,5.75,LK,1650681084
161,lashio,22.9333,97.75,87.37,35,23,2.75,MM,1650681084
162,khatanga,71.9667,102.5,11.64,86,81,7.94,RU,1650681085
163,okha,53.5739,142.9478,30.6,87,100,15.17,RU,1650681085
164,strezhevoy,60.7333,77.5889,17.08,90,100,14.7,RU,1650681085
165,vestmannaeyjar,63.4427,-20.2734,45.63,88,15,6.11,IS,1650681086
166,buraydah,26.326,43.975,75.65,29,100,9.46,SA,1650681086
167,nouadhibou,20.931,-17.0347,64.38,77,0,16.11,MR,1650681086
168,labuhan,-6.8844,112.2051,85.96,71,22,6.51,ID,1650681087
169,namibe,-15.1961,12.1522,71.71,81,88,5.19,AO,1650681087
170,caceres,39.522,-6.3748,43.93,91,100,14.18,ES,1650681088
171,alexandria,31.2156,29.9553,53.56,82,0,5.75,EG,1650681088
172,lakatoro,-16.0999,167.4164,82.09,77,84,11.48,VU,1650681088
173,mushie,-3.0167,16.9,72.72,96,100,1.95,CD,1650681089
174,nanortalik,60.1432,-45.2371,35.04,99,100,5.37,GL,1650681089
175,rodniki,57.1051,41.7305,40.71,78,9,4.05,RU,1650681089
176,leningradskiy,69.3833,178.4167,21.87,91,95,3.85,RU,1650681090
177,inirida,3.8653,-67.9239,73.15,95,80,2.98,CO,1650681090
178,shelburne,44.0787,-80.2041,43.59,59,100,4.92,CA,1650681017
179,podgornoye,51.735,39.1496,34.02,100,98,6.71,RU,1650681091
180,penzance,50.1186,-5.5371,48.88,82,59,17.34,GB,1650681091
181,ritchie,-29.038,24.6028,60.01,82,23,6.24,ZA,1650681091
182,chimbote,-9.0853,-78.5783,66.15,89,99,5.55,PE,1650681092
183,esperance,-33.8667,121.9,66.04,62,15,13.85,AU,1650681092
184,colchester,51.8892,0.9042,52.74,81,76,15.77,GB,1650681093
185,dingle,10.9995,122.6711,87.82,62,37,10.96,PH,1650681093
186,ahipara,-35.1667,173.1667,64.47,64,27,14.12,NZ,1650681093
187,kahului,20.8947,-156.47,78.82,73,40,18.41,US,1650681094
188,vostok,46.4856,135.8833,42.1,68,51,10.11,RU,1650681094
189,korla,41.7597,86.1469,72.45,15,11,6.11,CN,1650681094
190,turukhansk,65.8167,87.9833,32.59,98,95,3.42,RU,1650681095
191,panama city,8.9936,-79.5197,82.35,82,40,5.75,PA,1650681068
192,gizycko,54.0381,21.7644,39.7,93,60,8.55,PL,1650681095
193,quelimane,-17.8786,36.8883,71.96,96,20,3.13,MZ,1650681095
194,livingston,55.9029,-3.5226,45.21,90,20,8.05,GB,1650681096
195,yellowknife,62.456,-114.3525,39.72,52,20,13.8,CA,1650681040
196,marzuq,14.4,46.4667,69.19,43,64,4.25,YE,1650681096
197,yar-sale,66.8333,70.8333,2.19,93,100,8.43,RU,1650681097
198,belyy yar,53.6039,91.3903,34.86,49,0,13.42,RU,1650681097
199,sao luiz gonzaga,-28.4083,-54.9608,63.57,97,100,6.26,BR,1650681098
200,ariquemes,-9.9133,-63.0408,72.52,98,95,1.23,BR,1650681098
201,timra,62.487,17.3257,37.08,75,100,8.05,SE,1650681098
202,suhbaatar,50.2314,106.2078,49.37,30,61,9.82,MN,1650681099
203,cayenne,4.9333,-52.3333,77.09,1,100,0.0,GF,1650681099
204,oussouye,12.485,-16.5469,72.97,68,27,8.48,SN,1650681099
205,saint-philippe,-21.3585,55.7679,76.59,78,75,14.03,RE,1650681100
206,upernavik,72.7868,-56.1549,-1.75,99,61,4.43,GL,1650681100
207,joshimath,30.5667,79.5667,66.15,30,0,1.68,IN,1650681101
208,luanda,-8.8368,13.2343,77.0,94,75,4.61,AO,1650681101
209,koumac,-20.5667,164.2833,78.28,71,93,8.52,NC,1650681101
210,severo-yeniseyskiy,60.3725,93.0408,22.48,86,100,7.49,RU,1650681102
211,uyuni,-20.4597,-66.825,42.94,18,0,9.95,BO,1650681102
212,north las vegas,36.1989,-115.1175,65.8,34,0,17.27,US,1650680943
213,durango,24.8333,-104.8333,72.46,21,47,17.58,MX,1650680940
214,isangel,-19.55,169.2667,81.77,60,36,11.39,VU,1650681103
215,port washington,40.8257,-73.6982,61.0,44,75,11.5,US,1650681103
216,san jeronimo,-11.9472,-75.2829,47.88,85,92,1.83,PE,1650681103
217,lethem,3.3803,-59.7968,76.87,80,96,6.02,GY,1650681104
218,sao filipe,14.8961,-24.4956,72.3,80,57,3.04,CV,1650681104
219,iquitos,-3.7481,-73.2472,75.24,100,0,2.3,PE,1650681104
220,kurumkan,54.3,110.3,39.72,36,74,1.03,RU,1650681105
221,pareora,-44.4871,171.2132,62.19,64,3,5.66,NZ,1650681105
222,sorland,67.667,12.6934,40.21,70,53,13.29,NO,1650681106
223,acajutla,13.5928,-89.8275,81.3,74,100,4.0,SV,1650681106
224,prescott,34.54,-112.4685,52.05,35,20,10.36,US,1650680944
225,abay,49.6311,72.8539,32.38,47,6,11.45,KZ,1650681106
226,north bend,43.4065,-124.2243,57.92,82,0,6.91,US,1650681107
227,zhangye,38.9342,100.4517,65.35,11,98,10.94,CN,1650681107
228,bredasdorp,-34.5322,20.0403,53.67,71,0,5.28,ZA,1650681107
229,olafsvik,64.8945,-23.7142,44.62,87,51,8.34,IS,1650681108
230,enid,36.3956,-97.8784,77.16,61,100,24.16,US,1650681108
231,kamarion,36.8,25.8167,60.75,81,100,12.12,GR,1650681108
232,dicabisagan,17.0818,122.4157,86.07,60,33,5.86,PH,1650681109
233,miastko,54.0028,16.9826,40.12,81,0,5.39,PL,1650681109
234,sioux lookout,50.1001,-91.917,32.07,100,100,8.05,CA,1650680992
235,miyazu,35.5333,135.1833,64.6,73,100,12.01,JP,1650681110
236,lagoa,39.05,-27.9833,56.91,72,84,15.99,PT,1650681110
237,laguna,38.421,-121.4238,66.18,49,0,8.05,US,1650681066
238,gusinoye ozero,51.1144,106.2614,44.53,50,81,17.05,RU,1650681110
239,bengkulu,-3.8004,102.2655,84.92,66,72,5.19,ID,1650681090
240,columbus,39.9612,-82.9988,64.92,54,75,6.91,US,1650680841
241,baruun-urt,46.6806,113.2792,50.45,26,100,18.9,MN,1650681111
242,kutum,14.2,24.6667,73.35,16,90,5.7,SD,1650681111
243,la palma,33.8464,-118.0467,65.28,68,0,13.8,US,1650681112
244,arraial do cabo,-22.9661,-42.0278,75.97,87,0,8.23,BR,1650681112
245,chalmette,29.9427,-89.9634,72.0,77,0,10.36,US,1650681113
246,anahuac,27.2333,-100.15,81.75,45,0,30.38,MX,1650680965
247,grand-santi,4.25,-54.3833,71.87,100,100,1.59,GF,1650680959
248,aransas pass,27.9095,-97.15,75.97,89,40,16.11,US,1650681113
249,arlit,18.7369,7.3853,82.11,12,8,7.4,NE,1650681114
250,axim,4.8699,-2.2405,79.56,86,25,6.51,GH,1650681114
251,cruz alta,-28.6386,-53.6064,61.07,96,100,4.94,BR,1650681114
252,rangapara,26.8167,92.65,75.47,83,81,7.16,IN,1650681115
253,pucara,-15.9803,-71.4606,30.33,44,26,1.72,PE,1650681115
254,elat,29.5581,34.9482,71.44,49,88,6.91,IL,1650681115
255,valparaiso,-33.0393,-71.6273,61.48,73,0,4.61,CL,1650680953
256,carnarvon,-24.8667,113.6333,82.47,32,0,10.36,AU,1650681116
257,tiksi,71.6872,128.8694,14.65,88,100,10.2,RU,1650681116
258,alekseyevsk,57.8406,108.3492,38.66,48,8,3.53,RU,1650681117
259,hasaki,35.7333,140.8333,73.29,69,100,1.63,JP,1650681117
260,maun,-19.9833,23.4167,58.96,100,0,3.44,BW,1650680986
261,muisne,0.6,-80.0333,77.22,82,100,5.79,EC,1650681118
262,ornskoldsvik,63.2909,18.7153,40.15,65,100,5.75,SE,1650681118
263,pindobacu,-10.7417,-40.3608,69.1,97,19,3.89,BR,1650681118
264,namie,37.4833,141.0,72.99,48,100,3.0,JP,1650681118
265,bowen,-20.0167,148.2333,77.0,81,100,21.52,AU,1650681119
266,castro,-24.7911,-50.0119,59.43,90,1,5.06,BR,1650681119
267,srivardhan,18.0333,73.0167,87.37,66,58,3.56,IN,1650681120
268,denizli,37.8402,29.0698,60.12,57,65,2.26,TR,1650681120
269,tacuarembo,-31.7333,-55.9833,50.34,95,35,8.16,UY,1650681120
270,sarangani,5.4033,125.4636,79.25,85,100,14.94,PH,1650681121
271,lyngseidet,69.5763,20.2189,35.6,86,70,4.61,NO,1650681121
272,sao raimundo das mangabeiras,-7.0219,-45.4811,74.98,78,23,3.2,BR,1650681122
273,masterton,-40.9597,175.6575,60.89,46,53,4.76,NZ,1650681122
274,kollam,8.8833,76.6,81.77,79,100,4.27,IN,1650681083
275,garowe,8.4054,48.4845,75.51,81,32,8.66,SO,1650681122
276,edson,53.5835,-116.4356,46.51,53,75,6.91,CA,1650681123
277,sainte-claire,46.6006,-70.8649,37.72,82,8,6.08,CA,1650681123
278,omsukchan,62.5333,155.8,22.86,72,99,4.27,RU,1650681124
279,emba,48.8264,58.1442,51.51,76,81,8.9,KZ,1650681124
280,husavik,66.0449,-17.3389,42.21,79,41,6.58,IS,1650681124
281,gat,31.61,34.7642,63.28,100,56,5.1,IL,1650681125
282,natal,-5.795,-35.2094,79.02,94,75,3.44,BR,1650680950
283,polyarnyy,69.1989,33.4478,34.74,98,100,10.18,RU,1650681125
284,sitka,57.0531,-135.33,48.09,66,100,12.66,US,1650681126
285,pochutla,15.7432,-96.4661,80.82,73,55,6.29,MX,1650681126
286,lloydminster,53.2835,-110.0016,35.82,75,75,2.3,CA,1650680990
287,altay,47.8667,88.1167,41.47,56,100,4.05,CN,1650681126
288,banikoara,11.2985,2.4386,83.52,42,24,4.23,BJ,1650681127
289,ayan,56.45,138.1667,29.05,84,90,2.68,RU,1650681127
290,muli,2.9167,73.5667,81.46,77,100,11.52,MV,1650681128
291,sile,41.1754,29.6133,65.07,73,100,1.01,TR,1650681128
292,marsa matruh,31.3525,27.2453,52.0,93,0,0.0,EG,1650681128
293,san cristobal,7.7669,-72.225,69.98,92,40,2.66,VE,1650681129
294,gavle,60.6745,17.1417,39.92,63,74,4.0,SE,1650681129
295,starogard gdanski,53.964,18.5264,37.58,100,7,7.43,PL,1650681130
296,hamilton,39.1834,-84.5333,66.88,66,0,0.0,US,1650681091
297,prado,-17.3411,-39.2208,76.33,80,31,7.83,BR,1650681130
298,dunedin,-45.8742,170.5036,60.8,58,5,3.0,NZ,1650680842
299,kamenka,51.3223,42.7678,42.19,92,47,7.34,RU,1650681131
300,murupara,-38.4667,176.7,63.41,36,35,2.57,NZ,1650681131
301,thap than,15.4606,99.8917,92.71,47,19,5.17,TH,1650681131
302,maniitsoq,65.4167,-52.9,30.45,94,100,3.85,GL,1650681132
303,tateyama,34.9833,139.8667,68.09,73,100,19.53,JP,1650681132
304,bors,47.1167,21.8167,54.37,94,75,10.36,RO,1650681133
305,mapiri,-15.25,-68.1667,71.58,92,85,0.38,BO,1650681133
306,petropavlovsk-kamchatskiy,53.0452,158.6483,39.79,70,75,11.18,RU,1650681133
307,san rafael,-34.6177,-68.3301,54.07,72,3,8.55,AR,1650681134
308,xianyang,34.3378,108.7026,67.24,39,0,6.71,CN,1650681134
309,barcelos,41.5388,-8.6151,46.85,90,100,1.32,PT,1650681134
310,cabra,37.4725,-4.4421,46.45,84,100,17.65,ES,1650681135
311,boueni,-12.9025,45.0761,80.58,77,100,13.71,YT,1650681135
312,leirvik,59.7798,5.5005,51.85,74,8,6.42,NO,1650681136
313,yingcheng,30.95,113.55,71.35,77,99,5.75,CN,1650681136
314,mayo,38.8876,-76.5119,62.55,66,0,4.61,US,1650681136
315,basco,20.4487,121.9702,81.28,75,25,17.11,PH,1650681137
316,cachoeira do sul,-30.0392,-52.8939,64.09,97,100,6.38,BR,1650681137
317,srandakan,-7.9386,110.2506,85.77,66,73,3.47,ID,1650681138
318,flin flon,54.7682,-101.865,33.69,95,100,4.56,CA,1650681138
319,kununurra,-15.7667,128.7333,91.38,25,9,13.8,AU,1650681138
320,winneba,5.3511,-0.6231,79.25,84,6,4.14,GH,1650681139
321,tricase,39.9304,18.3553,55.31,85,33,3.8,IT,1650681139
322,fukue,32.6881,128.8419,64.76,100,75,2.3,JP,1650681139
323,mount gambier,-37.8333,140.7667,64.31,48,1,16.11,AU,1650681140
324,illela,13.7292,5.2975,87.4,10,6,6.51,NG,1650681140
325,rasht,37.2808,49.5832,55.22,100,75,4.61,IR,1650681141
326,klaksvik,62.2266,-6.589,40.12,78,100,17.83,FO,1650681141
327,yantal,56.8471,105.2542,37.89,49,99,3.18,RU,1650681141
328,manzanillo,20.3433,-77.1167,74.07,83,87,15.03,CU,1650681142
329,marietta,33.9526,-84.5499,71.87,69,0,4.61,US,1650681000
330,carballo,43.213,-8.691,50.54,93,100,3.44,ES,1650681142
331,oranjemund,-28.55,16.4333,55.47,92,35,13.04,NA,1650681143
332,luderitz,-26.6481,15.1594,58.41,79,0,17.0,NA,1650681143
333,ixtapa,20.7,-105.2,75.22,78,20,6.91,MX,1650681137
334,nokaneng,-19.6667,22.2667,69.57,46,100,3.22,BW,1650681144
335,salinopolis,-0.6136,-47.3561,75.65,93,100,6.89,BR,1650681144
336,caruaru,-8.2833,-35.9761,69.22,97,93,4.32,BR,1650681144
337,tautira,-17.7333,-149.15,79.3,78,82,16.82,PF,1650681145
338,port moresby,-9.4431,147.1797,76.42,100,100,11.5,PG,1650680921
339,chulman,56.8479,124.9104,27.41,74,66,5.84,RU,1650681145
340,tupik,54.4253,119.9327,33.6,50,100,7.65,RU,1650681146
341,prince rupert,54.3161,-130.3201,51.89,58,75,25.32,CA,1650681146
342,college,64.8569,-147.8028,51.78,24,75,3.44,US,1650681146
343,alofi,-19.0595,-169.9187,82.29,78,3,8.05,NU,1650681147
344,ormara,25.2088,64.6357,80.28,78,0,6.93,PK,1650681147
345,kihei,20.785,-156.4656,78.82,76,40,18.41,US,1650681147
346,port hardy,50.6996,-127.4199,51.98,66,75,4.61,CA,1650681148
347,avera,33.194,-82.5271,65.71,72,0,6.4,US,1650681148
348,molteno,-31.3968,26.3625,50.95,91,81,4.34,ZA,1650681148
349,tutoia,-2.7619,-42.2744,76.8,91,95,7.65,BR,1650681149
350,batemans bay,-35.7167,150.1833,68.92,65,35,5.03,AU,1650681149
351,yulara,-25.2406,130.9889,71.44,33,96,18.41,AU,1650681149
352,alamosa,37.4695,-105.87,39.18,70,20,26.46,US,1650681150
353,akyab,20.15,92.9,85.59,66,0,4.7,MM,1650681150
354,north platte,41.1239,-100.7654,82.29,51,100,32.21,US,1650680933
355,whitehorse,60.7161,-135.0538,43.02,48,75,10.36,CA,1650681151
356,plettenberg bay,-34.0527,23.3716,59.4,79,98,3.65,ZA,1650681151
357,karatuzskoye,53.6072,92.8667,32.56,74,100,8.25,RU,1650681152
358,malanje,-9.5402,16.341,60.85,93,71,2.24,AO,1650681152
359,mar del plata,-38.0023,-57.5575,53.62,89,75,11.99,AR,1650681003
360,shaping,22.7545,112.9565,85.95,61,44,6.24,CN,1650681152
361,juba,4.8517,31.5825,71.17,89,100,3.56,SS,1650681153
362,fallon,39.4735,-118.7774,53.47,34,75,18.41,US,1650681153
363,bayeux,-7.125,-34.9322,75.83,100,75,5.75,BR,1650681153
364,olinda,-8.0089,-34.8553,78.53,89,40,9.22,BR,1650681154
365,ribeira brava,32.65,-17.0667,62.71,72,66,11.18,PT,1650681154
366,gurupi,-11.7292,-49.0686,74.03,81,88,2.57,BR,1650680866
367,gewane,10.1664,40.6453,79.2,47,56,3.74,ET,1650681155
368,aldan,58.6031,125.3894,29.34,65,94,3.6,RU,1650681155
369,plerin,48.5425,-2.7798,51.21,95,100,6.91,FR,1650681155
370,bonavista,48.6499,-53.1147,34.81,77,100,11.79,CA,1650681156
371,badvel,14.75,79.05,86.09,59,57,4.47,IN,1650681156
372,eirunepe,-6.6603,-69.8736,72.72,97,21,2.37,BR,1650680904
373,havre-saint-pierre,50.2334,-63.5986,37.4,93,0,11.5,CA,1650681156
374,bestobe,52.4994,73.0975,37.58,37,0,6.58,KZ,1650681157
375,yining,29.0361,114.5636,79.29,69,51,1.74,CN,1650681157
376,tera,14.0078,0.7531,89.58,11,99,7.99,NE,1650681158
377,braco do norte,-28.275,-49.1656,65.48,88,100,2.82,BR,1650681034
378,port lincoln,-34.7333,135.8667,62.49,63,67,14.18,AU,1650681158
379,shenzhen,22.5455,114.0683,84.15,99,6,7.07,CN,1650681158
380,victoria,22.2855,114.1577,84.25,83,6,4.0,HK,1650680936
381,cullman,34.1748,-86.8436,69.15,78,0,5.03,US,1650681032
382,tuatapere,-46.1333,167.6833,57.7,68,59,10.56,NZ,1650681159
383,salalah,17.0151,54.0924,80.69,83,20,2.3,OM,1650681159
384,namatanai,-3.6667,152.4333,84.31,71,33,8.34,PG,1650681160
385,iskateley,67.6803,53.1512,2.37,92,10,6.89,RU,1650681160
386,williston,48.147,-103.618,36.32,91,100,3.0,US,1650681161
387,kyzyl-suu,42.3414,78.0056,52.03,73,64,3.42,KG,1650681161
388,verkhnevilyuysk,63.4453,120.3167,29.23,74,100,3.98,RU,1650681161
389,goderich,43.7501,-81.7165,44.92,81,100,6.91,CA,1650681136
390,eisiskes,54.1667,25.0,39.83,90,99,5.44,LT,1650681162
391,cherskiy,68.75,161.3,25.92,86,100,7.18,RU,1650681162
392,nador,35.174,-2.9287,64.47,72,0,12.66,MA,1650681163
393,santa cruz,-17.8,-63.1667,78.26,78,40,11.5,BO,1650681163
394,vavuniya,8.7514,80.4971,81.52,75,88,1.83,LK,1650681163
395,harper,4.375,-7.7169,78.31,84,40,1.83,LR,1650681164
396,waingapu,-9.6567,120.2641,86.59,65,43,12.15,ID,1650681164
397,bystryy istok,52.371,84.3873,33.98,40,8,6.44,RU,1650681165
398,coromandel,-18.4733,-47.2003,66.67,55,100,3.71,BR,1650681165
399,kavaratti,10.5669,72.642,84.7,72,70,4.43,IN,1650681165
400,gurupa,-1.405,-51.64,71.2,98,100,2.57,BR,1650681166
401,talnakh,69.4865,88.3972,14.34,85,96,2.77,RU,1650681166
402,chakrata,30.7,77.85,63.73,30,0,4.74,IN,1650681166
403,zhigansk,66.7697,123.3711,20.05,84,100,11.05,RU,1650681167
404,lorengau,-2.0226,147.2712,84.18,75,89,7.16,PG,1650681167
405,eureka,40.8021,-124.1637,56.68,80,19,1.99,US,1650681016
406,bosaso,11.2842,49.1816,82.81,65,9,8.77,SO,1650681168
407,camaguey,21.3808,-77.9169,75.54,83,20,11.5,CU,1650681168
408,pitimbu,-7.4706,-34.8086,75.79,81,87,9.6,BR,1650681168
409,thaba nchu,-29.2093,26.839,54.27,91,99,3.4,ZA,1650681169
410,ures,29.4333,-110.4,73.47,23,0,8.61,MX,1650681169
411,mayumba,-3.432,10.6554,76.84,91,100,4.59,GA,1650681169
412,kurtamysh,54.9103,64.4319,34.57,59,25,10.4,RU,1650681170
413,srednekolymsk,67.45,153.6833,24.33,80,100,8.61,RU,1650681170
414,ketchikan,55.3422,-131.6461,48.67,71,100,14.97,US,1650681171
415,malakal,9.5334,31.6605,81.46,62,100,3.91,SS,1650681171
416,pietarsaari,63.65,22.6833,36.0,94,36,7.43,FI,1650681171
417,mugumu,-1.85,34.7,59.34,98,100,2.57,TZ,1650681172
418,cagmanaba,13.055,123.2971,85.68,67,14,2.77,PH,1650681172
419,progreso,21.2833,-89.6667,79.11,78,0,17.87,MX,1650681094
420,san juan,-31.5375,-68.5364,60.76,53,24,4.09,AR,1650681039
421,norman wells,65.282,-126.8329,30.24,47,0,14.97,CA,1650681173
422,nabire,-3.3667,135.4833,82.38,76,89,3.22,ID,1650681173
423,san jose de gracia,20.6667,-102.5833,71.76,26,58,2.3,MX,1650681173
424,tayshet,55.9342,98.0044,27.81,52,88,17.09,RU,1650681174
425,burnie,-41.0667,145.9167,64.94,49,0,7.05,AU,1650681129
426,andenes,69.3143,16.1194,33.78,86,100,4.61,NO,1650681174
427,wajir,1.7471,40.0573,75.33,86,65,10.63,KE,1650681175
428,duzce,40.8389,31.1639,59.25,56,100,7.87,TR,1650681001
429,olivenza,38.6832,-7.103,45.32,94,100,11.99,ES,1650681175
430,san quintin,30.4833,-115.95,57.76,74,1,20.78,MX,1650681175
431,tezu,27.9167,96.1667,72.52,91,99,1.68,IN,1650681176
432,key west,24.5557,-81.7826,80.6,65,75,13.8,US,1650681014
433,turrialba,9.9047,-83.6835,73.36,97,95,1.9,CR,1650681015
434,tessalit,20.1986,1.0114,75.38,9,85,8.57,ML,1650681176
435,shikhany,52.1167,47.2167,44.01,71,100,10.74,RU,1650681177
436,khani,41.9563,42.9566,36.97,64,23,5.53,GE,1650681177
437,monywa,22.1167,95.1333,94.96,37,0,8.57,MM,1650681177
438,fort nelson,58.8053,-122.7002,51.39,24,40,3.44,CA,1650681178
439,borovoy,55.4333,86.0833,24.08,58,75,11.18,RU,1650681178
440,guaratinga,-16.5667,-39.5667,68.45,93,0,1.68,BR,1650681179
441,solhan,38.9634,41.0293,48.04,59,1,4.23,TR,1650681179
442,vardo,70.3705,31.1107,36.63,80,77,13.44,NO,1650681179
443,sinop,41.7711,34.8709,52.79,58,2,8.61,TR,1650681160
444,kenai,60.5544,-151.2583,48.02,57,75,17.27,US,1650681180
445,clyde river,70.4692,-68.5914,-5.57,77,0,5.75,CA,1650681180
446,nicoya,10.1483,-85.452,78.69,78,85,2.26,CR,1650681181
447,bayanday,53.0661,105.5139,34.47,92,100,12.8,RU,1650681181
448,saint george,37.1041,-113.5841,54.63,61,20,5.75,US,1650680984
449,kijang,35.2442,129.2139,71.33,69,100,12.3,KR,1650681182
450,ustye,59.6304,39.736,37.71,95,44,4.32,RU,1650681182
451,havoysund,70.9963,24.6622,35.83,99,100,20.78,NO,1650681182
452,jinxiang,27.4327,120.6062,72.55,86,100,3.85,CN,1650681183
453,xining,36.6167,101.7667,57.99,38,100,2.51,CN,1650681183
454,manjacaze,-24.7117,33.8828,64.54,92,70,1.28,MZ,1650681184
455,zeya,53.75,127.2667,43.79,44,94,6.17,RU,1650681184
456,provideniya,64.3833,-173.3,33.71,65,13,0.81,RU,1650681184
457,grindavik,63.8424,-22.4338,45.07,87,100,10.36,IS,1650680954
458,jumla,29.2747,82.1838,61.93,41,0,3.27,NP,1650681185
459,ballina,-28.8667,153.5667,75.38,63,40,17.27,AU,1650681185
460,nelson bay,-32.7167,152.15,70.0,91,91,10.13,AU,1650681186
461,denpasar,-8.65,115.2167,85.71,84,20,9.22,ID,1650681186
462,tevaitoa,-16.7833,-151.5,79.7,72,87,7.16,PF,1650681187
463,anadyr,64.75,177.4833,30.7,86,75,4.47,RU,1650681187
464,carutapera,-1.195,-46.02,75.63,93,100,1.23,BR,1650681187
465,huarmey,-10.0681,-78.1522,67.62,87,96,7.25,PE,1650681188
466,soure,-0.7167,-48.5233,74.53,96,100,8.37,BR,1650681188
467,nome,64.5011,-165.4064,41.16,60,0,6.91,US,1650681189
468,chuy,-33.6971,-53.4616,52.5,94,81,6.42,UY,1650681189
469,tiznit,29.5833,-9.5,52.38,81,35,5.91,MA,1650681190
470,richards bay,-28.783,32.0377,68.86,95,69,7.29,ZA,1650681190
471,riyadh,24.6877,46.7219,75.34,16,96,6.98,SA,1650680959
472,saldanha,-33.0117,17.9442,53.65,77,0,15.26,ZA,1650681191
473,bubaque,11.2833,-15.8333,75.99,78,96,6.98,GW,1650681191
474,lazaro cardenas,17.9583,-102.2,76.12,76,4,5.08,MX,1650681191
475,baker city,44.7749,-117.8344,49.71,42,0,17.27,US,1650680902
476,ust-ilimsk,58.0006,102.6619,38.03,65,100,6.26,RU,1650681192
477,pacific grove,36.6177,-121.9166,57.42,81,0,10.0,US,1650681181
478,porto santo,33.072,-16.3415,57.58,77,75,10.36,PT,1650681192
479,madimba,-10.4,40.3333,74.8,91,59,5.01,TZ,1650681193
480,hauterive,46.0901,3.4459,52.56,91,100,5.57,FR,1650681193
481,berlevag,70.8578,29.0864,33.6,82,99,14.83,NO,1650681194
482,juneau,58.3019,-134.4197,48.2,83,100,14.97,US,1650681159
483,saidpur,25.7777,88.8917,82.62,75,59,6.08,BD,1650681194
484,charlestown,-32.95,151.6667,73.11,78,62,5.01,AU,1650681194
485,carson city,39.1638,-119.7674,50.83,46,0,10.0,US,1650681014
486,yatou,37.15,122.3833,62.78,40,41,14.97,CN,1650681195
487,leh,34.1667,77.5833,37.65,63,83,4.18,IN,1650681195
488,bjelovar,45.8986,16.8489,45.21,97,86,2.71,HR,1650681196
489,owando,-0.4819,15.8999,72.54,95,100,1.36,CG,1650681196
490,kharan,28.5833,65.4167,80.01,26,65,1.3,PK,1650681196
491,kudahuvadhoo,2.6708,72.8944,80.44,79,100,9.17,MV,1650681197
492,beringovskiy,63.05,179.3167,29.62,84,100,1.97,RU,1650681197
493,mount pleasant,32.7941,-79.8626,65.98,90,0,1.99,US,1650681198
494,inhambane,-23.865,35.3833,70.57,86,100,5.12,MZ,1650681198
495,polunochnoye,60.8697,60.4153,27.46,80,90,5.39,RU,1650681199
496,kommunisticheskiy,61.6789,64.4819,19.33,75,29,1.12,RU,1650681133
497,nara,34.6851,135.8049,76.96,34,73,6.33,JP,1650681199
498,xushan,30.1764,121.2457,76.93,95,100,6.62,CN,1650681200
499,mareeba,-17.0,145.4333,76.44,86,100,8.25,AU,1650681200
500,touros,-5.1989,-35.4608,76.82,91,100,8.63,BR,1650681200
501,galle,6.0367,80.217,83.62,72,87,4.12,LK,1650681201
502,talaya,61.3833,152.75,22.62,76,12,4.05,RU,1650681201
503,nushki,29.5542,66.0215,80.74,9,3,5.1,PK,1650681202
504,yarada,17.65,83.2667,84.52,74,40,4.61,IN,1650681202
505,palmer,42.1584,-72.3287,49.86,62,20,5.75,US,1650681202
506,gold coast,-28.0,153.4333,77.77,75,100,19.57,AU,1650680960
507,naryan-mar,67.6713,53.087,2.59,93,11,6.96,RU,1650681203
508,jiazi,22.8779,116.067,80.69,71,12,7.54,CN,1650681203
509,jalu,29.0331,21.5482,74.53,13,75,8.39,LY,1650681204
510,surgana,20.5667,73.6167,86.9,20,62,3.02,IN,1650681204
511,vila franca do campo,37.7167,-25.4333,57.61,70,100,4.92,PT,1650681204
512,wawa,9.9022,4.4192,81.72,66,79,8.08,NG,1650681017
513,biltine,14.5333,20.9167,85.39,15,99,7.23,TD,1650681205
514,sao joao da barra,-21.6403,-41.0511,74.84,84,0,5.7,BR,1650681205
515,adilcevaz,38.8039,42.7342,47.35,59,9,3.51,TR,1650681206
516,comodoro rivadavia,-45.8667,-67.5,49.86,81,100,10.36,AR,1650681206
517,sao jose da coroa grande,-8.8978,-35.1478,77.97,84,62,6.06,BR,1650681207
518,lakes entrance,-37.8811,147.981,67.15,59,0,4.47,AU,1650681207
519,lulea,65.5842,22.1547,37.47,75,100,5.75,SE,1650681207
520,palana,59.1167,159.9667,26.31,75,56,10.49,RU,1650681193
521,cape coast,5.1053,-1.2466,80.13,85,10,5.97,GH,1650681208
522,naron,43.5167,-8.1528,51.67,81,96,6.44,ES,1650681208
523,tweed,44.4751,-77.3162,43.79,90,45,5.3,CA,1650681208
524,rancho cucamonga,34.1064,-117.5931,60.62,63,75,13.8,US,1650681209
525,bethanien,-26.502,17.1583,63.18,51,61,1.63,NA,1650681209
526,hami,42.8,93.45,72.73,12,3,7.9,CN,1650681210
527,goba,7.0167,39.9833,48.29,90,93,3.44,ET,1650681210
528,oktyabrskoye,43.0645,44.7417,46.54,93,82,2.24,RU,1650681210
529,colac,-38.3333,143.5833,64.17,51,3,2.37,AU,1650681211
530,bereda,43.2686,-7.5406,44.15,100,100,1.99,ES,1650681211
531,dillon,34.4166,-79.3712,74.25,69,71,7.72,US,1650680964
532,arequipa,-16.3989,-71.535,53.67,71,0,4.61,PE,1650680982
533,saint-francois,46.4154,3.9054,51.67,87,0,3.44,FR,1650681212
534,lata,40.1629,-8.3327,50.81,98,96,4.32,PT,1650681212
535,humberto de campos,-2.5983,-43.4611,75.9,92,100,3.69,BR,1650681213
536,meadow lake,34.8014,-106.5436,62.26,26,18,28.03,US,1650681213
537,challans,46.8436,-1.8749,57.4,94,100,6.24,FR,1650681213
538,saint anthony,45.0205,-93.218,53.53,92,100,14.97,US,1650681214
539,maragogi,-9.0122,-35.2225,77.74,84,73,5.64,BR,1650681214
540,hualmay,-11.0964,-77.6139,66.47,90,93,6.46,PE,1650681215
541,sinnamary,5.3833,-52.95,75.24,92,100,5.66,GF,1650681215
542,smolyaninovo,43.2956,132.4675,58.46,25,0,8.25,RU,1650681215
543,marienburg,54.0359,19.0266,40.87,92,7,6.6,PL,1650681216
544,rocha,-34.4833,-54.3333,50.04,87,87,7.76,UY,1650681216
545,corn island,12.1694,-83.0418,80.78,79,46,14.45,NI,1650681217
546,harwich,51.9419,1.2844,54.0,82,91,11.01,GB,1650681217
547,ugoofaaru,5.6667,73.0,83.23,73,100,12.62,MV,1650681217
548,kaeo,-35.1,173.7833,68.32,64,47,9.91,NZ,1650681218
549,kakogawa,34.7667,134.85,76.62,61,100,7.14,JP,1650681218
550,darhan,49.4867,105.9228,46.74,32,98,5.37,MN,1650681219
551,katherine,-14.4667,132.2667,95.32,23,19,11.5,AU,1650681219
552,barabinsk,55.3571,78.357,30.83,55,100,13.89,RU,1650681220
553,alanya,36.5438,31.9998,55.53,47,0,4.25,TR,1650681220
554,manturovo,58.3353,44.7619,38.79,73,35,3.89,RU,1650681220
555,domoni,-12.2569,44.5319,79.18,87,100,8.32,KM,1650681221
556,shawnee,39.05,-95.7669,76.86,61,40,23.02,US,1650681221
557,arys,42.4252,68.795,70.9,49,73,5.3,KZ,1650681222
558,hovd,48.0056,91.6419,47.95,24,75,1.81,MN,1650681222
559,mahajanga,-15.7167,46.3167,77.02,94,40,2.3,MG,1650681222
560,winslow,35.0242,-110.6974,49.44,35,54,17.96,US,1650681223
561,santa rosa,14.3122,121.1114,92.1,58,12,12.46,PH,1650681223
562,novoagansk,61.9449,76.6625,13.23,83,100,15.88,RU,1650681224
563,asyut,27.181,31.1837,60.98,42,0,7.87,EG,1650681224
564,mazagao,-0.115,-51.2894,77.05,98,100,3.8,BR,1650681224
565,mogadishu,2.0371,45.3438,82.27,77,93,10.02,SO,1650681031
566,bozhou,33.8772,115.7703,78.06,55,74,7.83,CN,1650681225
567,pacifica,37.6138,-122.4869,58.42,80,75,23.02,US,1650681055
568,yeppoon,-23.1333,150.7333,80.38,63,26,21.92,AU,1650681225
569,toyooka,35.5333,134.8333,66.25,82,75,5.75,JP,1650681226
570,rio gallegos,-51.6226,-69.2181,46.45,81,0,19.57,AR,1650681226
571,storm lake,42.6411,-95.2097,70.84,78,75,21.85,US,1650681226
572,itoman,26.1247,127.6694,80.98,89,75,18.41,JP,1650681227
573,sambava,-14.2667,50.1667,75.49,90,93,6.93,MG,1650681227
574,japura,-0.3167,102.35,83.3,80,100,2.82,ID,1650681228
575,jacareacanga,-6.2222,-57.7528,72.61,99,90,1.77,BR,1650681228
576,podyuga,61.095,40.8647,35.02,92,100,6.04,RU,1650681229
577,kurilsk,45.2333,147.8833,41.34,87,88,18.81,RU,1650681229
578,aripuana,-9.1667,-60.6333,72.88,99,100,0.72,BR,1650681229
579,kingaroy,-26.5333,151.8333,68.04,68,75,16.11,AU,1650681230
580,makakilo city,21.3469,-158.0858,80.92,60,100,13.8,US,1650681044
581,pecos,31.4229,-103.4932,84.29,45,40,25.32,US,1650681230
582,port keats,-14.25,129.55,93.79,27,25,11.25,AU,1650681230
583,shenjiamen,29.9576,122.298,62.29,98,100,4.23,CN,1650681231
584,tsaratanana,-16.7833,47.65,73.85,81,98,8.16,MG,1650681231
585,qasigiannguit,68.8193,-51.1922,25.05,97,100,3.13,GL,1650681231
586,turbat,26.0023,63.044,81.14,58,4,2.62,PK,1650681232
587,trinidad,-14.8333,-64.9,77.43,84,98,5.1,BO,1650681232
